headline,content,average_polarity,tag
Κορονοϊός: Σε ποια άτομα χωρίς συμπτώματα μπορεί να γίνεται δωρεάν τεστ στην Ελλάδα - Υγεία | News 24/7,Τα κριτήρια που επεξεργάζεται ο ΕΟΔΥ προκειμένου να γίνονται τεστ σε άτομα τα οποία δεν θεωρούνται ως ύποπτα κρούσματα. Η αναφορά του Σωτήρη Τσιόδρα.,0.34005,neutral
"Κορονοϊός: Η γεωγραφία των κρουσμάτων στην Ελλάδα - Πού 'σάρωσε', πού δεν έφτασε ποτέ - Κοινωνία | News 24/7",Αναλυτικά οι περιφέρειες και οι δήμοι που καταγράφηκαν τα περισσότερα και λιγότερα κρούσματα κορονοϊού τις τελευταίες 42 μέρες.,0.0,neutral
Κορονοϊός: Πώς είναι η Αθήνα μετά από 23 μέρες καραντίνας,"Πέρασαν ήδη 23 μέρες από τότε που η χώρα μας έθεσε σε εφαρμογή τα περιοριστικά μέτρα για να μην εξαπλωθεί ο κορονοϊός, που ήδη έχει κόψει στην Ελλάδα το ...",-0.125,neutral
Κορονοϊός: Αθήνα καλεί Κομισιόν για τις πτήσεις και ετοιμάζει διακρατικές συμφωνίες,Πιέσεις στην Ευρωπαϊκή Ένωση προκειμένου να λάβει άμεσα αποφάσεις για ένα συνολικό ευρ.,-0.022499999999999992,neutral
"Σε Αθήνα, Κηφισιά και Θεσσαλονίκη τα περισσότερα κρούσματα κορονοϊού – Τρεις νομοί χωρίς ούτε ένα κρούσμα",Υπάρχουν στιγμές που λέμε ότι δεν θέλουμε να υπάρξουν ξανά. Στις 6 το πρωί της Δευτέρας.,-0.0286,neutral
Κορονοϊός: Δύο ακόμη θάνατοι σε Αθήνα και Θεσσαλονίκη - Στους 81 οι νεκροί,"Στους 81 έφτασαν οι νεκροί από κορονοϊό καθώς έφυγε από τη ζωή ένας 42χρονος από την Πορταριά Χαλκιδικής, ο οποίος νοσηλευόταν στη ΜΕΘ του ...",-0.7423,negative
Κορονοϊός: Στους 145 οι νεκροί στην Ελλάδα - Εξέπνευσε ηλικιωμένη στην Αθήνα,Στoυς 145 ανέρχεται ο αριθμός των νεκρών από κορονοϊό στην Ελλάδα.,-0.28569999999999995,neutral
Κορονοϊός Ελλάδα: 93 οι νεκροί - Κατέληξε άλλος ένας στην Αθήνα,Ειδήσεις Άλλος ένας θάνατος από κορονοϊό στην Ελλάδα - Ένας 87 χρονος κατέληξε στο Θριάσειο νοσοκομείο. 93 οι νεκροί στην Ελλάδα από κορονοϊό.,-0.74835,negative
Κορονοϊός: Στους 108 οι νεκροί - Δύο νέοι θάνατοι σε Αθήνα και Πτολεμαΐδα,Δύο ακόμα άνθρωποι έχασαν τη ζωή τους από τον κορονοϊό στην Ελλάδα ανεβάζοντας των αριθμό των θυμάτων σε 108. Πρόκειται για έναν άνδρα 91 ετών με ...,-0.7393,negative
Κορονοϊός: Στους 143 οι νεκροί στην Ελλάδα – Κατέληξαν τρεις άνδρες στην Αθήνα,Τρεις συμπολίτες μας έχασαν τη ζωή τους από κορονοϊό τις τελευταίες ώρες. Πρόκειται για τρεις ηλικιωμένους άνδρες που νοσηλεύονταν στα νοσοκομεία.,-0.2916,neutral
Κορονοϊός: Στους 109 οι νεκροί στην Ελλάδα - Κατέληξε ένας άνδρας στην Αθήνα,Κορονοϊός: Ανεβαίνει ο αριθμός στη θλιβερή λίστα των θυμάτων του φονικού ιού στη χώρα μας. Το τελευταίο θύμα του κορονοϊού στην Ελλάδα είναι ένας ...,-0.69185,negative
Κορονοϊός: Στους 138 οι νεκροί - Δύο θάνατοι σε Αθήνα και Πάτρα,"Αυξάνεται ο κατάλογος των θυμάτων κορονοϊού στην Ελλάδα, καθώς σύμφωνα με πληροφορίες, έχασαν τη ζωή τους δύο ακόμη ηλικιωμένοι άνδρες, οι οποίοι ...",-0.68775,negative
"Κορονοϊός: Δίκες χωρίς διαδίκους, αλλά και χωρίς δικηγόρους στην Αθήνα","Πρεμιέρα σήμερα της (μερικής) επαναλειτουργίας των δικαστηρίων, ειρηνοδικείων και υποθηκοφυλακείων με μπλοκο δικαστικών υπαλλήλων σε 12 ειρηνοδικεία.",-0.2676,neutral
Ο κορονοϊός μείωσε κατά 40% το νέφος στην Αθήνα,"Κορονοϊός: Νέα έρευνα του Αστεροσκοπείου Αθηνών φανερώνει τη βελτίωση της ατμόσφαιρας στην Αθήνα, εξαιτίας των μέτρων περιορισμού της κυκλοφορίας ...",0.11315,neutral
Αθήνα: Το αλισβερίσι των ναρκωτικών δεν σταμάτησε ούτε εν μέσω κορωνοϊού,Ούτε ο κορωνοϊός δεν σταματά την εξάπλωση του... ναρκωϊού» λέει ο δημοτικός σύμβουλος του δήμου Αθηναίων και γραμματέας Περιβάλλοντος του ΚΙΝΑΛ ...,0.28875,neutral
Κορονοϊός: Στα 2566 τα κρούσματα στην Ελλάδα - Ανακοινώθηκαν 32 νέα - Κοινωνία | News 24/7,"Αύξηση κρουσμάτων του κορονοϊού κατά 32 ανακοίνωσε το υπουργείο Υγείας, το απόγευμα της Τρίτης. Συνολικά έχουν καταγραφεί στη χώρα μας 2566 ...",0.1591,neutral
Κορονοϊός: Καθάρισε η ατμόσφαιρα στην Αθήνα λόγω… καραντίνας,Plus: Κοινωνία - Πιο καθαρή είναι η ατμόσφαιρα στην Αθήνα μετά τα περιοριστικά μέτρα λόγω του κορονοϊού.,0.08895,neutral
Κορονοϊός: Άνδρας που είχε ταξιδέψει στην Αθήνα το πρώτο κρούσμα στην Καρδίτσα,Γίνεται ιχνηλάτηση και ήδη έχουν εντοπιστεί περίπου 20 άτομα που ενημερώθηκαν να παραμείνουν σπίτι και εφόσον παρουσιάσουν συμπτώματα να ...,0.0,neutral
Κορονοϊός: Ξεκίνησαν οι έλεγχοι από τις πρώτες 25 Κινητές Ομάδες ΕΟΔΥ,"Οι πρώτες 25 Κινητές Ομάδες ΕΟΔΥ για την αντιμετώπιση της COVID-19 ξεκίνησαν σήμερα σε Αθήνα, Θεσσαλονίκη, Καρδίτσα και φυλακές Δομοκού και σταδιακά ...",0.3021,neutral
Κορονοϊός - Άρση μέτρων: Ουρές και αναμονές έξω από τράπεζες και ταχυδρομεία (pics),Ειδήσεις - Κορονοϊός - Άρση μέτρων: Ουρές και αναμονές έξω από τράπεζες και ταχυδρομεία (pics),0.0,neutral
Άρση μέτρων: «Πλημμύρισε» με κόσμο η Αθήνα - Κοσμοσυρροή σε Ακρόπολη και Μοναστηράκι,"Ειδήσεις - Κορονοϊός - Όλες οι ειδήσεις: Ξεκίνησε η «νέα κανονικότητα» για τους Αθηναίους, μετά την μερική άρση των περιοριστικών μέτρων που επιβλήθηκαν ...",-0.0386,neutral
Κορονοϊός: 11 νέα κρούσματα στην Ελλάδα - Στους 110 οι νεκροί - Υγεία | News 24/7,Αύξηση κρουσμάτων του κορονοϊού κατά 11 ανακοίνωσε το απόγευμα της Μεγάλου Σαββάτου το υπουργείο Υγείας. Έχουν χάσει τη ζωή τους 110 άνθρωποι και ...,-0.57125,negative
Κορονοϊός: Συγκλονιστικές εικόνες σε Αθήνα και Ηράκλειο – Η στιγμή που ασθενείς νικούν το φονικό ιό,Δάκρυα χαράς για τους γιατρούς και τους νοσηλευτές – Πανηγύριζαν όλοι όταν αποσωλήνωσαν άτομα που νοσούσαν από κορονοϊό. Συγκινητικές είναι οι εικόνες ...,0.18155000000000002,neutral
Κορονοϊός: Πέντε πλατείες στην Αθήνα… από ψηλά – Έσφυζαν από ζωή και τώρα είναι άδειες,13 Απριλίου 2020. Η εικόνα στους δρόμους της Αθήνας δεν θυμίζει σε τίποτα τους αντίστοιχου.,-0.26375,neutral
Κορονοϊός: Σχεδόν 255.000 οι νεκροί σε όλον τον κόσμο,"Η πανδημία του νέου κορονοϊού έχει στοιχίσει τη ζωή σε τουλάχιστον 254.532 ανθρώπους σε όλον τον κόσμο από τον περασμένο Δεκέμβριο, όταν ...",-0.6428,negative
Σε αναστολή ο δακτύλιος στην Αθήνα - Τι ισχύει με το πάρκινγκ,Οι πολίτες καλούνται να αποφεύγουν τα Μέσα Μαζικής Μεταφοράς και να προτιμούν τα ΙΧ για τις μετακινήσεις τους.,-0.38634999999999997,negative
Κορονοϊός: Τι έδειξαν τα πρώτα αποτελέσματα των τεστ από τις Κινητές Ομάδες του ΕΟΔΥ,Στο «κυνήγι» των κρυφών εστιών κορονοϊού έχουν επιδοθεί οι Κινητές Ομάδες του Εθνικού Οργανισμού Δημόσιας Υγείας (ΕΟΔΥ). Ιδιαίτερα ευχάριστα είναι τα νέα ...,0.28545,neutral
Κορονοϊός: Ποια καταστήματα ανοίγουν τη Δευτέρα,Αρχίζει από τη Δευτέρα (04/05) η πρώτη φάση της άρσης των περιοριστικών μέτρων και η μερική επιστροφή στην κανονικότητα. Αναλυτικά ποια καταστήματα ...,0.0,neutral
Κορονοϊός: Όλη η γεωγραφική εξάπλωση στην Ελλάδα,"Σάρωσε ο κορονοϊός σε Αθήνα, Κηφισιά και Θεσσαλονίκη. Ποιοι νομοί είναι εντελώς “καθαροί” και δεν ξέρουν… τι εστί Covid-19. Όλος.",0.2288,neutral
Κορονοϊός: Τούρκοι στην Αθήνα «έσπασαν» την καραντίνα!,"Κορονοϊός: Δύο Τούρκοι που βρίσκονται σε καραντίνα σε ξενοδοχείο της Γλυφάδας και αποτελούν πλήρωμα του «Ελευθέριος Βενιζέλος», επιχείρησαν να φύγουν, ...",0.0,neutral
Κορονοϊός: Στους 123 οι νεκροί - Κατέληξαν δύο άνδρες σε Αθήνα και Θεσσαλονίκη,Τους 123 έφτασαν οι νεκροί στην Ελλάδα από κορονοϊό καθώς τα ξημερώματα της Πέμπτης κατέληξαν ένας ηλικιωμένος ασθενής που νοσηλευόταν στο ...,-0.624,negative
Αθήνα - Covid-19: Φωτορεπορτάζ πριν και κατά την διάρκεια της καραντίνας,Έχουν περάσει 23 ημέρες από τότε που η Ελλάδα έλαβε περιοριστικά μέτρα κυκλοφορίας εξαιτίας της πανδημίας του κορονοϊού SARS-CoV-2.,0.0,neutral
Κορονοϊός: Προβληματισμός για την περίπτωση γυναίκας στην Αθήνα που πήρε εξιτήριο και βρέθηκε πάλι θετική στον ιό,Συναγερμός για την περίπτωση γυναίκας στην Αθήνα που βρέθηκε δεύτερη φορά θετική στον κορονοϊό.,0.42669999999999997,neutral
Κορονοϊός: 105 τα θύματα - Επιπλέον μέτρα και αυστηρότερα πρόστιμα για τις μετακινήσεις,"Άλλα 15 νέα κρούσματα του κορονοϊού SARS-CoV-2 στη χώρα μας, ανακοίνωσε ο Καθηγητής Σωτήρης Τσιόδρας, εκπρόσωπος του Υπουργείου Υγείας για το νέο ...",-0.1591,neutral
Κορονοϊός: 81 οι νεκροί - Κατέληξαν 42χρονος στη Θεσσαλονίκη και 84χρονη στην Αθήνα,"Ο 42χρονος νοσηλευόταν στη ΜΕΘ του νοσοκομείου ΑΧΕΠΑ, ενώ η 84χρονη στον Ευαγγελισμό.",-0.3243,negative
Κορονοϊός στην Ελλάδα: Στους 127 οι νεκροί - Δύο νέοι θάνατοι σε Αθήνα και Αλεξανδρούπολη,Σε 127 ανεβαίνει ο συνολικός αριθμός των νεκρών από κορονοϊό στη χώρα μας καθώς ακόμα δύο άνθρωποι έχασαν τη μάχη με τον ιό.,-0.5802,negative
Κορονοϊός: Ασυμπτωματικοί ασθενείς εντοπίστηκαν σε «Αλεξάνδρα» και ΑΧΕΠΑ,"Προβληματισμός επικρατεί για την επόμενη ημέρα στα νοσοκομεία τα οποία επιστρέφουν σταδιακά στη νέα κανονικότητα, αφού σε «Αλεξάνδρα» και ΑΧΕΠΑ ...",0.0,neutral
Πώς ο κορονοϊός έπληξε τον FSRU στην Αλεξανδρούπολη,Στην αστάθεια που προκαλεί η πανδημία του κοροναϊού στις διεθνείς αγορές οφείλονται οι περισσότερες αναβολές και καθυστερήσεις σε φαραωνικά έργα στον ...,0.0,neutral
,0,0.0,neutral
Κορονοϊός: Κατέληξαν 35χρονος στη Θεσσαλονίκη και 75χρονος στην Αθήνα – Στους 119 οι νεκροί,"Μεγαλώνει, μέρα με τη μέρα, ο αριθμός των θανάτων από τον κορονοϊό στη χώρα, καθώς τα ξημερώματα της Τρίτης (21/04), έφυγαν άλλοι δυο συνάνθρωποί μας,",-0.28569999999999995,neutral
Κορονοϊός: Στους 145 οι νεκροί,"Αυξάνεται ο αριθμός των θυμάτων από κορονοϊό στη χώρα μας, φτάνοντας τους 145 νεκρούς. Τελευταίο θύμα μια γυναίκα 88 ετών που νοσηλεύονταν στο ...",-0.35009999999999997,negative
Κορονοϊός: Παραλείψεις σε κλινικές εντόπισε η Εθνική Αρχή Διαφάνειας,Η Εθνική Αρχή Διαφάνειας πραγματοποίησε στις 27-30 Απριλίου 2020 ελέγχους σε δέκα (10) Μονάδες Φροντίδας Ηλικιωμένων και Προνοιακές Δομές και σε ...,0.01755000000000001,neutral
Κορονοϊός: 22 νέα κρούσματα – 2.192 συνολικά – 102 τα θύματα,"Άλλα 22 νέα κρούσματα του κορονοϊού SARS-CoV-2 στη χώρα μας, ανακοίνωσε ο Καθηγητής Σωτήρης Τσιόδρας, εκπρόσωπος του υπουργείου Υγείας για το νέο ...",-0.1872,neutral
Κορονοϊός: 131 νεκροί στην Ελλάδα - Κατέληξε ηλικιωμένος στην Αθήνα,Στους 131 ανέρχεται ο αριθμός των νεκρών από κορονοϊό στην Ελλάδα.,-0.2611,neutral
Κορονοϊός: Πρέπει να φοράμε μάσκα; - Τι δήλωσε η καθηγήτρια Επιδημιολογίας Αθηνά Λινού στον Realfm,"""Πρώτον πρέπει να συνεχίσουμε να πειθαρχούμε στα μέτρα και δεύτερον να κλείσουμε τις κερκόπορτες σε άλλες πηγές από όπου μπορεί να έρθει ο κορονοϊός.",0.0,neutral
Κορονοϊός: Αφίσα - σοκ στους δρόμους της Αθήνας - Δείτε τι γράφει,"Την στιγμή που ο κορονοϊός πραγματοποιεί την επέλασή του στον πλανήτη, μερικοί βρήκαν την ευκαιρία να κάνουν πλάκα με αυτό το θέμα. Οι προειδοποιήσεις ...",0.10880000000000004,neutral
Κορονοϊός: Έρημη πόλη η Αθήνα - Πρωτόγνωρες εικόνες από τους άδειους δρόμους της πρωτεύουσας,Στο πλαίσιο των μέτρων κατά της εξάπλωσης του κορονοϊού το φετινό Πάσχα είναι διαφορετικό από όλα τα προηγούμενα. Οι εικόνες μάλιστα που καταγράφηκαν ...,-0.10115,neutral
Κορονοϊός: 'Aλλοι δύο νεκροί σε Αλεξανδρούπολη και Αθήνα - Dikaiologitika News | Ειδήσεις,"Κορονοϊός: Μακραίνει η λίστα των θανάτων από τον κορονοϊό στην χώρα μας, καθώς προστέθηκε ένας ακόμα συμπολίτης μας. Αργά το απόγευμα της Πέμπτης ...",-0.3243,negative
Κορονοϊός: Στους 110 οι νεκροί στην Ελλάδα - Κατέληξε άνδρας στην Αθήνα,Στους 110 ανέρχονται οι νεκροί από τον κορονοϊό στην Ελλάδα.,-0.624,negative
Κορονοϊός: Στους 101 οι νεκροί - Κατέληξε 96χρονη στο ΝΙΜΤΣ,"Aυξάνεται ο αριθμός των θανάτων από κορονοϊό, στη χώρα μας. Σύμφωνα με πληροφορίες, σήμερα κατέληξε μία γυναίκα 96 ετών, η οποία νοσηλευόταν στο ...",-0.23534999999999998,neutral
Κορονοϊός: Στους 118 οι νεκροί - Υπέκυψε ηλικιωμένος στην Αθήνα,Στους 118 οι νεκροί από κορονοϊό στην Ελλάδα. Σύμφωνα με πληροφορίες ένας 75χρονος που νοσηλευόταν στο νοσοκομείο «Ευαγγελισμός» άφησε την ...,-0.7423,negative
Κορονοϊός: Πρώτο κρούσμα σε οδηγό ταξί,Γεγονός αποτελεί το πρώτο κρούσμα κορονοϊού σε επαγγελματία αυτοκινητιστή στην Ελλάδα. Πρόκειται για έναν 55χρονο οδηγό ταξί από την Αθήνα.,0.0,neutral
Κορονοϊός: Στα 98 τα θύματα στην Ελλάδα- 2.114 κρούσματα,"Άλλα 33 νέα κρούσματα του κορονοϊού στη χώρα μας, ανακοίνωσε ο καθηγητής Σωτήρης Τσιόδρας. Συνολικά ο αριθμός των επιβεβαιωμένων κρουσμάτων είναι ...",-0.08345,neutral
Κορονοϊός Αθήνα: «Ανάγκη για χρώμα και φως»,"Κορονοϊός Αθήνα: Χιλιάδες πολύχρωμα φυτά ομορφαίνουν τις τελευταίες εβδομάδες πολλές διαφορετικές γωνιές της πόλης, στο κέντρο αλλά και τις γειτονιές της.",0.2553,neutral
Κορονοϊός: Στους 108 οι νεκροί - Σε «Μποδοσάκειο» και «Σωτηρία» τα τελευταία θύματα,"Δύο ακόμα άνθρωποι έχασαν τη ζωή τους σήμερα τα ξημερώματα, εξαιτίας του κορονοϊού στη χώρα μας, ανεβάζοντας των αριθμό των θυμάτων σε 108. Σύμφωνα ...",-0.79785,negative
Κορονοϊός: Στους 89 οι νεκροί - Κατέληξε ηλικιωμένη στην Αθήνα,Στους 89 οι νεκροί από κορονοϊό στην Ελλάδα. Μία ηλικιωμένη στην Αθήνα άφησε την τελευταία της πνοή.,-0.6486,negative
Κορονοϊός: Ερημιά στο κέντρο της Αθήνας - ΦΩΤΟ,"Πόλη-φάντασμα θύμιζε και το πρωί της Μεγάλης Δευτέρας η Αθήνα, όπως φαίνεται και στις φωτογραφίες που μας έστειλε αναγνώστης του enikos.gr από το ...",-0.1591,neutral
Κορονοϊός: Εφιαλτικό σενάριο για πάνω από 100.000 νεκρούς στις ΗΠΑ ως τον Ιούνιο,"Στις Ηνωμένες Πολιτείες της Αμερικής το όριο των 100.000 θανάτων εξαιτίας της πανδημίας του κορονοϊού, στο οποίο αναφέρθηκε προχθές Κυριακή ο ...",0.0,neutral
Κορονοϊός - Ελλάδα: Χωρίς πτήσεις μέχρι τις 15 Μαΐου από και προς έξι χώρες - Κοινωνία | News 24/7,"Παρατείνεται η αναστολή ελληνικών πτήσεων από και προς Ιταλία, Ισπανία, Τουρκία, Ηνωμένο Βασίλειο, Ολλανδία και Γερμανία ως τις 15 Μαΐου - Επιτρέπονται ...",0.23785000000000003,neutral
Δεν το βρίσκεις στην Αθήνα: Η πόλη με το πιτσόγυρο-γίγας που δεν το κάνoυν καλά 2 άτομα (pics),"Αν είσαι μερακλής στο φαγητό, τότε πρέπει να το αναζητήσεις...",0.08804999999999999,neutral
Κορονοϊός: 17 νέα κρούσματα στην Ελλάδα - Στους 108 οι νεκροί - Υγεία | News 24/7,Αύξηση κρουσμάτων του κορονοϊού κατά 17 ανακοίνωσε το απόγευμα της Μεγάλης Παρασκευής το υπουργείο Υγείας. Έχουν χάσει τη ζωή τους 108 άνθρωποι ...,-0.3629,negative
"Κορονοϊός - Βαρουφάκης για ταξίδι στην Αίγινα: Μένω εκεί, πήγα στην Αθήνα για συνεδρίαση της Βουλής","Απάντηση στις πληροφορίες που τον ήθελαν να «σπάει» την καραντίνα και να πηγαίνει στην Αίγινα έδωσε ο επικεφαλής του ΜέΡΑ25, Γιάνης Βαρουφάκης, μέσω ...",0.0,neutral
"Κορονοϊός: 11 νέα κρούσματα, 110 συνολικά θάνατοι",Έντεκα νέα κρούσματα του κορονωϊού SARS-CoV-2 στη χώρα μας στη σημερινή γραπτή ενημέρωση του Υπουργείου Υγείας.,0.0,neutral
Κορονοϊός και κατοικίδια: Όλα όσα πρέπει να ξέρετε,"Με τα σημερινά δεδομένα, τα ζώα δεν νοσούν και οι άνθρωποι που έρχονται σε επαφή με αυτά, δεν διατρέχουν κάποιο κίνδυνο να μολυνθούν», τόνισε η πρόεδρος ...",-0.00695,neutral
Κορoνοϊός - ΗΠΑ: Ο Τραμπ διαλύει την ειδική επιχειρησιακή ομάδα για την πανδημία,Ο πρόεδρος των ΗΠΑ Ντόναλντ Τραμπ δήλωσε ότι η ειδική επιχειρησιακή ομάδα που είχε συστήσει στον Λευκό Οίκο για την αντιμετώπιση της πανδημίας του ...,0.0,neutral
Κορονοϊός: Η Αθήνα υποψήφια για το Final 8 της Euroleague,"Όπως έχουν αποφασίσει οι διοργανωτές δεν θα γίνουν τα πλέι οφ, όπως είχαμε συνηθίσει, αλλά θα γίνει Final 8. Πλέον οι ιθύνοντες είναι σε αναζήτηση της.",0.0,neutral
Κορονοϊός: Αποχή απο τους δικηγόρους της Αθήνας στις 28 Απριλίου - Κοινωνία | News 24/7,Σε αποχή κατέρχονται οι Αθηναίοι δικηγόροι την 28η Απριλίου 2020 που είναι η πρώτη ημέρα επαναλειτουργίας των δικαστηρίων μετά το ξέσπασμα του ...,0.0,neutral
Κορονοϊός: 89 τα θύματα στην Ελλάδα,"Τους 89 ανήλθαν τα θύματα του κορονοϊού στη χώρα μας, καθώς στη θλιβερή λίστα προστέθηκε μια 67χρονη γυναίκα, η οποία νοσηλεύονταν με υποκείμενα ...",-0.48895,negative
Ο κορονοϊός δεν πτοεί Athens Open Air Film Festival και «Νύχτες Πρεμιέρας»,"Οι άνθρωποι των δυο φεστιβάλ κινηματογράφου, Athens Open Air Film Festival και «Νύχτες Πρεμιέρας» δηλώνουν «παρών» και υπόσχονται να συναντήσουν ...",0.736,positive
Κορωνοϊός - Αθήνα: Γάμοι εν μέσω πανδημίας,"Ειδήσεις - Παρόλο που η πλειοψηφία των μελλόνυμφων επιλέγει να αναβάλλει προσωρινά την τελετή του γάμου , δεν είναι λίγοι εκείνοι που επιλέγουν να ...",-0.11315,neutral
Κορονοϊός: Ο απολογισμός της πανδημίας της covid-19.,"Η πανδημία του νέου κορονοϊού έχει προκαλέσει τουλάχιστον 160.685 θανάτους σε όλο τον κόσμο, αφότου εμφανίστηκε τον περασμένο Δεκέμβριο στην Κίνα, ...",0.0,neutral
Κορονοϊός - Γερμανικός Τύπος: Διθυραμβικό δημοσίευμα για την Ελλάδα σχετικά με την πανδημία Covid-19,Κορονοϊός - Όλες οι Ειδήσεις: Η ελληνική κυβέρνηση αντέδρασε αστραπιαία για την αντιμετώπιση της πανδημίας. Σε εκτενές άρθρο η Süddeutsche Zeitung με ...,0.0,neutral
Ρωσία - κορονοϊός: Ξεπέρασαν τις 10.000 τα κρούσματα,"Για δεύτερη συνεχή ημέρα καταγράφηκαν στην Ρωσία περισσότερα από 10.000 νέα κρούσματα, ανεβάζοντας τον συνολικό αριθμό στις 145.268.",0.07565,neutral
ΤΡΑΙΝΟΣΕ: Ο κορονοϊός «φρενάρει» τα νέα τρένα,"Σύμφωνα με τον Διευθύνοντα Σύμβουλο της εταιρείας, Φίλιππο Τσαλίδη, το πλήγμα της πανδημίας για την εταιρεία ήταν τεράστιο, αφού η πτώση των εσόδων ...",0.1591,neutral
“Special Report”: οι άστεγοι της Αθήνας και ο κορονοϊός (βίντεο),Συγκλονίζουν οι μαρτυρίες για τις συνθήκες διαβίωσης άστεγων τις τελευταίες εβδομάδες που οι υπόλοιποι “μένουμε σπίτι”.,0.0,neutral
Κορονοϊός: Αρνητικά όλα τα τεστ σε ΑΕΚ και Παναθηναϊκό,"Έτοιμοι να ξαναρχίσουν δουλειά, έστω χωρίς μπάλα και όχι όλοι μαζί, είναι οι παίκτες των.",-0.10534999999999997,neutral
Κορονοϊός: Ο Ντόναλντ Τραμπ προβλέπει ότι θα είναι διαθέσιμο εμβόλιο εντός του 2020,Ο Ρεπουμπλικάνος πρόεδρος των ΗΠΑ Ντόναλντ Τραμπ εκτίμησε χθες Κυριακή ότι θα είναι διαθέσιμο μέσα στο 2020 εμβόλιο εναντίον του νέου κορονοϊού.,0.0,neutral
Κορονοϊός: Ο χάρτης της Ελλάδας – Στα 93 τα θύματα,"Ελάχιστες είναι πλέον οι περιοχές που δεν έχουν κρούσματα κορονοιού, τη στιγμή που τα θύματα έχουν ανέλθει πλέον σε 92 μετά και το θάνατο χθες το απόγευμα ...",-0.52665,negative
Κορονοϊός και τουρκική λίρα «σπρώχνουν» τον Ερντογάν στο Αιγαίο,Ειδήσεις - Στριμωγμένος και επικίνδυνος ο Ερντογάν: Κορονοϊός και λίρα τον…σπρώχνουν στο Αιγαίο.,-0.31845,negative
Κορονοϊός: Το Πάσχα στην καραντίνα - Live Blog,"Από τα μπαλκόνια τους γιόρτασαν οι πιστοί την Ανάσταση. Ψήσιμο και φαγητό σήμερα στα σπίτια, την ώρα που τα κρούσματα στη χώρα μειώνονται και τα μέτρα ...",0.28595,neutral
Κορονοϊός: Ο όμιλος General Electric καταργεί πάνω από 10.000 επιπλέον θέσεις εργασίας,"Ο όμιλος General Electric (GE) θα καταργήσει άλλες 10.000 και πλέον θέσεις εργασίας στο τμήμα της που ειδικεύεται στην αεροπορία, ανακοίνωσε η διεύθυνσή ...",0.0,neutral
Κορονοϊός στην Ελλάδα: 147 οι νεκροί - Επικαιρότητα,"Στους 147 έφτασαν οι νεκροί στην Ελλάδα από τον κορονοϊό, καθώς τα ξημερώματα της Τετάρτης έχασε την μάχη για την ζωή μια γυναίκα ηλικίας 89 ετών που ...",-0.74835,negative
Κορονοϊός: Πεντικιούρ… με μάσκα – Επέστρεψε στη νέα κανονικότητα όλη η Ελλάδα (pics),"Τήρηση των μέτρων, επιφυλακτικότητα και αγωνία συνθέτουν την εικόνα της πρώτης ημέρας μετά την χαλάρωση των μέτρων σε πολλές πόλεις της Ελλάδας, ενώ ...",0.20095,neutral
Κορονοϊός: 91 νεκροί - 47χρονος στον «Ευαγγελισμό» το τελευταίο θύμα,"Αλλα 56 νέα κρούσματα του κορονοϊού SARS-CoV-2 στη χώρα μας ανακοίνωσε ο εκπρόσωπος του υπ. Υγείας, καθηγητής Λοιμωξιολογίας Σωτήρης Τσιόδρας.",-0.3753,negative
Κορονοϊός: Κατέληξε ηλικιωμένη στην Αθήνα – Στους 101 οι νεκροί συνολικά (video),"Μεγαλώνει η λίστα με τους νεκρούς από τον κορονοϊό στην Ελλάδα, καθώς έγινε γνωστό ότι μια γυναίκα 96 ετών «έφυγε», έχοντας προσβληθεί από τον ιό. Οι.",-0.7481,negative
Κορονοϊός: Νέα αύξηση κυκλοφορίας στην Αττική – Αυστηρό μήνυμα Πατούλη,Τι κι αν ο κορονοϊός είναι ακόμα... εδώ; Αύξηση της κυκλοφορίας σε ποσοστά που σε κάποιες περιπτώσεις έφτασαν και το 11% παρατηρήθηκε σε κεντρικές οδικές.,0.3397,neutral
Κορονοϊός: Η Ευρώπη αρχίζει να βγαίνει από την καραντίνα,"Έπειτα από εβδομάδες περιορισμού στο σπίτι, ένα μέρος της Ευρώπης αρχίζει και πάλι να αναπνέει πιο ελεύθερα, καθώς σε πολλές χώρες αρχίζουν από αύριο να ...",0.1358,neutral
Επιμένει ο Τραμπ: Ερευνούμε αν ο κορονοϊός προήλθε από εργαστήριο στην Ουχάν,Ο Ντόναλντ Τραμπ δήλωσε ότι η κυβέρνησή του προσπαθεί να εξακριβώσει εάν και κατά πόσον ο κορονοϊός προήλθε «από εργαστήριο» στην πόλη Ουχάν της ...,0.0,neutral
O κορονοϊός σκοτώνει την εργασία: Επτά επαγγελματίες που πλήττονται μιλούν στο Sputnik,"Η Ελλάδα μετράει ήδη 40 ημέρες μέσα στην πανδημία του νέου κορονοϊού, με την πλειονότητα των επαγγελματικών κλάδων να πλήττονται βαρύτατα. Ανασφάλεια ...",-0.7476,negative
Ο κορονοϊός δεν είναι απειλή μόνο για την υγεία,"Η αντιμετώπιση της πανδημίας του κορονοϊού, φυσικά και δεν μπορεί να είναι υπόθεση ενός κράτους ή ομάδας κρατών, όσο ισχυρά και να είναι. Η δυναμική της ...",0.5837,positive
Κορονοϊός: Οδηγίες Χαρδαλιά για ασθενείς που έρχονται στην Αθήνα για ακτινοθεραπείες,"Οδηγίες για τους ασθενείς που έρχονται από την επαρχία στην Αθήνα για ακτινοθεραπείες έδωσε ο υφυπουργός Πολιτικής Προστασίας, Νίκος Χαρδαλιάς, κατά ...",0.064,neutral
Κορονοϊός: Σε καραντίνα οίκος ευγηρίας στη Νέα Μάκρη | ΑΘΗΝΑ984,"Σε καραντίνα τέθηκε με απόφαση του υφυπουργού Πολιτικής Προστασίας και Διαχείρησης Κρίσεων, Νίκου Χαρδαλιά ο οίκος ευγηρίας, που βρίσκεται στη Νέα ...",-0.31245,negative
Κορονοϊός: Χάρτης της επιδημίας στην Ελλάδα - Ποιες περιοχές έχουν τα περισσότερα κρούσματα,"Την εξέλιξη της επιδημίας του κορονοϊού στην Ελλάδα αποτυπώνει η νέα ""Ημερήσια έκθεση"" του ΕΟΔΥ.",0.0,neutral
Κορονοϊός: H κίνηση αυτή της Μαίρης Συνατσάκη και της Αθηνάς Οικονομάκου... πολύ μας συγκίνησε!,"Εδώ και έναν χρόνο η Αθηνά Οικονομάκου, μαζί με την Μαίρη Συνατσάκη, έχουν δημιουργήσει τη δική τους σειρά ρούχων, το «Project SOMA». Τα κορίτσια ...",0.125,neutral
Κορονοϊός: 124 νεκροί στην Ελλάδα - Εξέπνευσαν μέσα σε λίγες ώρες τρεις ασθενείς σε Αθήνα και Θεσσαλονίκη,Στους 124 ανέρχεται ο αριθμός των νεκρών από κορονοϊό στην Ελλάδα.,-0.28569999999999995,neutral
"Κορονοϊός: Ξεπέρασαν τα 3 εκατομμύρια τα κρούσματα παγκοσμίως, πάνω από 209.000 οι νεκροί","Πάνω από 3 εκατομμύρια κρούσματα μόλυνσης από τον νέο κορονοϊό είχαν καταγραφεί σε όλο τον πλανήτη, εκ των οποίων σχεδόν το 80% στην Ευρώπη και τις ...",-0.33855,negative
"Ελβετία-κορονοϊός: Στους 1.059 οι νεκροί, πάνω από 27.000 τα κρούσματα","Ο αριθμός των θανάτων από την COVID-19 στην Ελβετία αυξήθηκε στους 1.059 θανάτους, από τους 1.017 θανάτους που είχαν ανακοινωθεί χθες, σύμφωνα με ...",-0.15429999999999996,neutral
Χαρδαλιάς:Από τη Δευτέρα ο κορονοϊός θα είναι παρών,"Ο υφυπουργός Πολιτικής Προστασίας Νίκος Χαρδαλιάς προειδοποίησε πως τη Δευτέρα περνούμε σε μία νέα φάση της επιδημίας, αλλά με τον «αόρατο εχθρό», ...",-0.3715,negative
Άδεια η Βαρβάκειος: Ο κορονοϊός «χτύπησε» και τη Δημοτική Αγορά της Αθήνας,Μια αλλιώτικη εικόνα θα αντικρίσει όποιος βρεθεί στη Βαρβάκειο Αγορά. Λίγες ημέρες πριν το Πάσχα και οι καταναλωτές που επισκέπτονται τη Κεντρική Δημοτική ...,-0.08895,neutral
ΠΟΥ: Ο νέος κορονοϊός είναι φυσικής προέλευσης,"Ο Παγκόσμιος Οργανισμός Υγείας διατύπωσε την εκτίμηση ότι ο νέος κορονοϊός είναι ""φυσικής προέλευσης"", την ώρα που ο πρόεδρος των ΗΠΑ Ντόναλντ Τραμπ ...",0.3612,neutral
Αθηνά Αντωνιάδου: Greece think tank - Covid-19 η επόμενη μέρα!,Είναι κοινώς αποδεκτό πως η πανδημία COVID-19 παρουσιάζει μια άνευ προηγουμένου πρόκληση σε παγκόσμιο επίπεδο. Είναι βέβαιο πως αυτή η πολυεπίπεδη ...,0.27115,neutral
H Athens Voice επιστρέφει'u200b: Το πρώτο τεύχος της post covid-19 εποχής,Το νέο τεύχος της Athens Voice κυκλοφορεί την Τετάρτη 6 Μαΐου 2020: Μια ειδική έκδοση-αφιερωμένη σε όλα ζήσαμε στο πρωτοφανές lockdown.,0.2294,neutral
"Ο ΝΙΚΟΣ ΣΥΨΑΣ ΣΤΟΝ ΑΘΗΝΑ 9.84: «Ευελπιστώ ότι το εμβόλιο κατά του covid-19, θα είναι διαθέσιμο εντός του 2021","Αισιόδοξος ότι θα βρεθεί εμβόλιο κατά του covid-19 μέσα στον επόμενο χρόνο, δήλωσε ο καθηγητής Παθολογικής Φυσιολογίας Λοιμώξεων του ΕΚΠΑ, Νίκος ...",0.37929999999999997,neutral
"COVID-19: Ξεκίνησαν τους ελέγχους 25 κινητές ομάδων του ΕΟΔΥ σε Αθήνα, Θεσσαλονίκη, Καρδίτσα και φυλακές Δομοκού","Share on FacebookShare on Twitter. Σε Αθήνα, Θεσσαλονίκη, Καρδίτσα και φυλακές Δομοκού ξεκίνησαν οι πρώτες 25 Κινητές Ομάδες ΕΟΔΥ για την ...",0.148,neutral
Covid-19: Παρατείνεται η απαγόρευση κυκλοφορίας έως 15 Ιουνίου στον Ισημερινό,Η κυβέρνηση του Ισημερινού παρέτεινε ως τη 15η Ιουνίου την κατάσταση εξαίρεσης η οποία της επιτρέπει τον περιορισμό του πληθυσμού και την επιβολή ...,-0.05135,neutral
Covid-19: Ανοδος σοκ με 600 νέα θύματα στην Βραζιλία,"Σύμφωνα με τις αρχές, αναφέρθηκαν 600 θάνατοι σε ένα 24ωρο και 6.935 επιβεβαιωμένα νέα κρούσματα μόλυνσης από τον κορονοϊό.",-0.2997,neutral
Covid-19: Η Γερμανία ανοίγει μέσα στον Μάιο τα σχολεία και τα καταστήματα σε όλη τη χώρα,"Όλα τα καταστήματα και τα σχολεία στη Γερμανία θα ανοίξουν μέσα στον Μάιο, σύμφωνα με προσχέδιο συμφωνίας της ομοσπονδιακής κυβέρνησης και των ...",0.24695,neutral
Ο «Μικρός Covid 19» - Ένα animation με πρωταγωνιστή τον Σωτήρη Τσιόδρα,"Ένα animation βίντεο με πρωταγωνιστή τον Σωτήρη Τσιόδρα, «Ο Μικρός Covid 19», έρχεται για να εξηγήσει στα παιδιά τι είναι ο κορωνοϊός.",0.0,neutral
Πρωτομαγιά στην Αθήνα του COVID 19.Τίποτα δεν χαρίζεται!,"της ΕΥΓΕΝΙΑΣ ΗΛΙΟΠΟΥΛΟΥ Οι συνήθειες είναι η δεύτερη φύση μας. Πάνω από 50 χρόνια η Πρωτομαγιά για εμένα αποτελεί ένα έναυσμα για αναλύσεις, σκέψεις.",0.0,neutral
Covid-19: Ο ΟΗΕ ζητάει την προστασία των ατόμων με αναπηρία που πλήττονται από την πανδημία,"Αποκρυσταλλώνοντας το μήνυμά του, ο γενικός γραμματέας δηλώνει ότι όταν διασφαλίζουμε τα δικαιώματα των ατόμων με αναπηρία, επενδύουμε στο κοινό μας ...",0.11434999999999998,neutral
Covid-19: Αυξάνονται τα θύματα και στο Μεξικό,Ο απολογισμός της πανδημίας έφθασε έτσι τους 2.507 θανάτους επί συνόλου 26.025 επιβεβαιωμένων κρουσμάτων μόλυνσης.,0.02555,neutral
Covid-19: Πάνω από 1.300 επιπλέον νεκροί στις ΗΠΑ,"Μειωμένο απολογισμό θυμάτων του κορονοϊού σε ένα 24ωρο είχαν οι ΗΠΑ. Σύμφωνα με τα στοιχεία του πανεπιστημίου Τζονς Χόπκινς, το τελευταίο 24ωρο ...",-0.1591,neutral
Covid-19: Σταθερά χαμηλά τα κρούσματα στη Κίνα,Η Εθνική Επιτροπή Υγείας της Κίνας ανακοίνωσε σήμερα ότι το τελευταίο 24ωρο αναφέρθηκαν 2 νέα κρούσματα μόλυνσης από τον κορονοϊό.,-0.1366,neutral
Μινωικές: Έκπτωση 50% για το προσωπικό των ΜΕΘ 13 Νοσοκομείων αναφοράς Covid-19 | naftemporiki.gr,Έκπτωση 50% «στους ανθρώπους που συμμετέχουν με όλες τους τις δυνάμεις στην εθνική προσπάθεια για την αντιμετώπιση της υγειονομικής κρίσης» ...,-0.31245,negative
Covid-19: Υπό κράτηση όσοι παραβιάζουν την καραντίνα στον Ελ Σαλβαδόρ,Οι αρχές του Σαλβαδόρ θέτουν υπό κράτηση όσους κατηγορούν για την παραβίαση της υποχρεωτικής καραντίνας στο σπίτι που επέβαλε με διάταγμα ο πρόεδρος ...,-0.64795,negative
Κορωνοϊός - Χαρδαλιάς: Συναγερμός σε δύο δομές υγείας στην Αθήνα για κρούσματα Covid - 19,"Ο υφυπουργός Πολιτικής Προστασίας, Νίκος Χαρδαλιάς, ανακοίνωσε το απόγευμα της Πέμπτης πως στο Υπουργείο Υγείας και ειδικότερα στον ΕΟΔΥ έχει ...",-0.10600000000000001,neutral
"Ποιοι κήποι, πάρκα και λόφοι είναι και πάλι προσβάσιμοι για τους Αθηναίους;",Με τη σταδιακή άρση των μέτρων αναρίθμητα πάρκα και χώροι πρασίνου στην Αθήνα γίνονται ξανά προσβάσιμοι για έναν περίπατο-monopoli.gr-Επίκαιρα.,0.0,neutral
Covid-19: Κανένα κρούσμα στη Νέα Ζηλανδία,"Οι υγειονομικές αρχές της Νέας Ζηλανδίας την ίδια ώρα, δεν κατέγραψαν κανένα νέο κρούσμα μόλυνσης από τον κορονοϊό το προηγούμενο εικοσιτετράωρο για ...",-0.148,neutral
Covid-19: Μειώνονται τα κρούσματα και στη Βόρεια Μακεδονία- 85 οι νεκροί στην χώρα,Μειώνεται σταθερά τις τελευταίες ημέρες ο αριθμός των επιβεβαιωμένων κρουσμάτων του κορονοϊού στη Βόρεια Μακεδονία. Τις τελευταίες 24 ώρες ...,-0.28569999999999995,neutral
"Covid-19: Σχεδόν 250.000 οι νεκροί παγκοσμίως -Ξεπέρασαν τα 3,5 εκατομμύρια τα κρούσματα","Η πανδημία του κορονοϊού έχει στοιχίσει τη ζωή σε τουλάχιστον 249.372 ανθρώπους σε όλον τον κόσμο, σύμφωνα με τον απολογισμό που συντάσσει το Γαλλικό ...",-0.6428,negative
Covid-19: Κάτοικοι στην Ονδούρα εμποδίζουν την ταφή θυμάτων που μολύνθηκαν από τον ιό,"Όπως είπε ο υφυπουργός Υγείας της Ονδούρας, ο Ρομπέρτο Κοσένσα, φοβούνται πως θα μολυνθούν και οι ίδιοι και εμποδίζουν την μεταφορά θυμάτων.",-0.6597,negative
Covid-19: Ο Π.Ο.Υ. συνιστά αυστηρούς ελέγχους σε θεραπείες της παραδοσιακής ιατρικής στην Αφρική,O Παγκόσμιος Οργανισμός Υγείας για την Αφρική συνέστησε νέες θεραπευτικές αγωγές που να υποβάλλονται σε αυστηρούς ελέγχους πριν από τις δοκιμές τους.,-0.02345,neutral
Covid-19: Το Λουξεμβούργο ανακοινώνει τη σταδιακή επιστροφή στην «κοινωνική ζωή» από τις 11 Μαΐου,"Οι κανόνες της κοινωνικής αποστασιοποίησης και μέτρα προστασίας όπως η χρήση μάσκας, εξακολουθούν να ισχύουν ενώ το μικρό κράτος.",0.0,neutral
"Covid-19: Τρία κρούσματα, όλα «εισαγόμενα» στην Κίνα",Η Εθνική Επιτροπή Υγείας της Κίνας ανακοίνωσε σήμερα ότι ως τα μεσάνυχτα της Κυριακής δεν της αναφέρθηκε κανένα νέο κρούσμα μετάδοσης του κορονοϊού ...,-0.148,neutral
ΗΠΑ-Covid-19: Ξεπέρασαν τις 70.000 οι θάνατοι,"Οι θάνατοι εξαιτίας του νέου κορονοϊού στις ΗΠΑ ξεπέρασαν τις 70.000, με τον αριθμό των κρουσμάτων να φτάνει τo 1,19 εκατομμύριο, σύμφωνα με το ...",0.1366,neutral
38 φωτογραφίες από Σαββατόβραδο με Covid-19 στην Αθήνα,menoumespiti: Φωτογραφίες από το κέντρο της Αθήνας τις μέρες της καραντίνας λόγω του κορωνοϊου.,0.0,neutral
Covid-19: 93 θάνατοι στο Μεξικό,Το υπουργείο Υγείας του Μεξικού ανακοίνωσε πως κατέγραψε άλλους 93 θανάτους ασθενών που υπέκυψαν τον κορονοϊό και 1.383 επιβεβαιωμένα κρούσματα ...,-0.2787,neutral
Covid-19: 43 θάνατοι το τελευταίο 24ωρο στη Γερμανία,Σε 43 ανήλθε το τελευταίο εικοσιτετράωρο ο αριθμός των θανάτων στη Γερμανία εξαιτίας του κορονοϊού.,0.0386,neutral
Χαλάει ο καιρός: Έρχονται βροχές και καταιγίδες - Κακοκαιρία και στην Αθήνα,"Κακοκαιρία σε ολόκληρη σχεδόν τη χώρα, με βροχές και καταιγίδες, προβλέπεται για αύριο, Τετάρτη 6 Μαΐου.",0.0,neutral
ΗΠΑ-Covid-19: Η Airbnb απολύει το 25% των εργαζομένων της,"Ο διευθύνων σύμβουλος της Airbnb, η οποία έχει δεχθεί σφοδρό πλήγμα από την πανδημία του νέου κορονοϊού και των μέτρων απαγόρευσης, ανακοίνωσε ...",0.0,neutral
Η επίδραση της πανδημίας COVID-19 επηρέασε και τον κλάδο της θεσμικής διαχείρισης,"ΕΛΛΗΝΙΚΗ ΕΝΩΣΗ ΔΙΑΧΕΙΡΙΣΤΩΝ ΣΥΛΛΟΓΙΚΩΝ ΕΠΕΝΔΥΣΕΩΝ ΚΑΙ ΠΕΡΙΟΥΣΙΑΣ Βαλαωρίτου 9, 106 71 Αθήνα Τηλ.: 210 3628580. Fax: 210 36 16968",-0.07655,neutral
Covid-19: Η Γαλλία δεν επιβάλλει καραντίνα σε πολίτες Σένγκεν,"Η Γαλλία δεν θα επιβάλει το μέτρο της καραντίνας «σε οποιοδήποτε πρόσωπο, οποιασδήποτε ιθαγένειας, που προέρχεται από την ΕΕ, τη ζώνη Σένγκεν και τη ...",0.2235,neutral
Covid-19: 657 κρούσματα στην Σιγκαπούρη,"Ο αριθμός των θανάτων είναι υπερβολικά μικρός στη χώρα (18), αλλά τα κρούσματα έχουν φτάσει ήδη τα 18.205. Ο νέος θάνατος ήταν μιας 86χρονης.",-0.3404,negative
Covid-19: Η Αλγερία κλείνει ξανά τα καταστήματά της,"Η κυβέρνηση αναγκάστηκε να κλείσει εκ νέου τα εμπορικά καταστήματα σε πολλές πόλεις της χώρας, συμπεριλαμβανομένης της πρωτεύουσας, της πόλης του ...",-0.2294,neutral
Η Στέγη Ιδρύματος Ωνάση σκιαγραφεί την Αθήνα της μετά κορωνοϊού εποχής,Μια ανοιχτή πρόσκληση για την αποτύπωση της ζωής μετά την πανδημία μέσω μιας δημιουργικής αναζήτησης διάρκειας τεσσάρων εβδομάδων.,0.2202,neutral
Covid-19: Ραγδαία αύξηση των κρουσμάτων μετά τη χαλάρωση των μέτρων στην Νότια Αφρική,"Τα 447 κρούσματα είναι ο υψηλότερος αριθμός ο οποίος έχει καταγραφεί από την 5η Μαρτίου, όταν επιβεβαιωνόταν η πρώτη περίπτωση μόλυνσης στη χώρα.",0.384,neutral
Covid-19: Ο Τριντό δεν ξέρει αν θα στείλει παιδιά του στο σχολείο φέτος,Ο Καναδός πρωθυπουργός Τζάστιν Τριντό παραδέχθηκε χθες ότι δεν γνωρίζει αν θα στείλει ξανά τα παιδιά του στο σχολείο αυτή τη σχολική χρονιά.,0.05135,neutral
Covid-19: Η ΕΕ ενέκρινε την ενίσχυση της Air France με ποσό 7 δισ. ευρώ από το γαλλικό δημόσιο,Η Ευρωπαϊκή Ένωση ενέκρινε σήμερα το σχέδιο της κυβέρνησης της Γαλλίας να χορηγήσει κρατική ενίσχυση 7 δισεκατομμυρίων ευρώ στην Air France.,0.53505,positive
Αυτοάνοσα νοσήματα και κορωνοϊός,"Σύμφωνα με τα έως τώρα δεδομένα, μέχρι στιγμής δεν υπάρχει σαφής σύνδεση μεταξύ αυτοανοσίας και λοίμωξης COVID-19.",-0.1462,neutral
Νερό και καθαριότητα το διάστημα της πανδημίας COVID-19.,Τελευταία Ενημέρωση: 06/05/2020 - 9:07. Αθηνά Μαυρίδου:Τι πρέπει να προσέξουμε σε σχέση με το νερό και την καθαριότητα το διάστημα της πανδημίας ...,0.0,neutral
Covid-19: Ξεκινά την Παρασκευή η χαλάρωση των περιοριστικών μέτρων στην Καλιφόρνια,"Οι αρχές της Καλιφόρνιας, της πρώτης αμερικανικής πολιτείας η οποία επέβαλε περιορισμό στην κίνηση των πολιτών για να αποτρέψει την εξάπλωση του ...",0.23754999999999998,neutral
SAS: Ειδικός κύκλος δωρεάν Virtual Sessions για την απάντηση στον Covid-19,"Το Business News προσφέρει καθημερινή ενημέρωση και ανάλυση για τις επιχειρήσεις, τις επενδύσεις, τα startups και όλους τους κλάδους στην ελληνική and; διεθνή ...",0.2553,neutral
Έρευνα: Οι 200 μεταλλάξεις του κορωνοϊού και ο «ασθενής μηδέν»,Φως στην εξέλιξη του κορωνοϊού από διεθνή μελέτη. Πώς βοηθά τους επιστήμονες που ετοιμάζουν νέα αντιικά φάρμακα και εμβόλια;,0.1909,neutral
Covid-19: Σοκάρει η κερδοσκοπία με τις μάσκες,Διαφορές μέχρι και 6.000% έχουν οι μάσκες κατά του κορωνοϊού που προμηθεύονται νοσοκομεία αλλά και άλλοι φορείς! Αυτό αποκαλύπτεται από σειρά ...,-0.07655,neutral
Οδηγός επιβίωσης στη νέα καθημερινότητα με τον COVID-19,"Οι μάσκες είναι πλέον υποχρεωτικό αξεσουάρ, και η ατομική υπευθυνότητα γίνεται ο νέος, άγραφος κώδικας δεοντολογίας για να ξανασυνθέσουμε το παζλ της ...",0.0,neutral
Έκτακτη επικαιρότητα για τη θεραπεία της νόσου COVID-19,Σύμφωνα με μελέτη οι ασθενείς που έλαβαν tocilizumab παρουσίασαν σημαντική βελτίωση σε σχέση με το σκέλος της μελέτης όπου οι ασθενείς δεν έλαβαν ...,0.29295,neutral
Eθνική Τράπεζα: Online εκδήλωση για την αξιολόγηση του οικονομικού αντίκτυπου του COVID-19,Διαδικτυακή Εκδήλωση «Αξιολόγηση του οικονομικού αντίκτυπου του COVID-19». Διαδικτυακή εκδήλωση με θέμα «Αξιολόγηση του οικονομικού αντίκτυπου του ...,0.0,neutral
Τα YOLO της Τετάρτης 06.05.2020,"Αστεία memes, ατάκες, YOLO βίντεο, virals που ανέβηκαν στο διαδίκτυο και μας έκαναν να γελάσουμε.",0.54785,positive
Ο ρόλος των γενετικών αλλαγών στη θεραπεία του COVID-19,"Φαρμακογενετική και Ιατρική Ακριβείας στην εποχή του κορωνοϊού - Περίοδοι κρίσεων, όπως η παρούσα πανδημία του COVID-19, συνεχίζει «μας υπενθυμίζουν ...",-0.31245,negative
Έπος: Ο Σωτήρης Τσιόδρας σε ταινία κοινουμένων σχεδίων… με τον «μικρό Covid-19»,"Έμπνευση υπήρξε με τον Σωτήρη Τσιόδρα, ο οποίος πρωταγωνιστεί σε μια ταινία κινουμένων σχεδίων με τον «μικρό Covid-19»! Δείτε εδώ!",0.29185,neutral
ΕΚΠΑ και ΕΟΔΥ εντοπίζουν τον κορωνοϊό με νέα μέθοδο,Νέα μέθοδο επιδημιολογίας λυμάτων για τον εντοπισμό του κορωνοϊού αναπτύσσουν ΕΚΠΑ και ΕΟΔΥ.,0.0,neutral
"COvid-19 : Ξεπέρασαν τα 3,5 εκατομμύρια τα κρούσματα παγκοσμίως","Ο αριθμός των κρουσμάτων μόλυνσης από τον CΟvid-19 ξεπέρασε τα 3,5 εκατομμύρια χθες Κυριακή, με το σύνολο να ανέρχεται σε 3.502.126.",0.0386,neutral
ΠΟΥ-ΕΕ-Covid-19: Ο επικεφαλής του ΠΟΥ προτρέπει τον κόσμο να ενωθεί για να καταπολεμήσει την πανδημία,Ο επικεφαλής του Παγκόσμιου Οργανισμού Υγείας προέτρεψε σήμερα όλον τον κόσμο να ενωθεί για να καταπολεμήσει τον νέο κορονοϊό.,-0.3609,negative
Νίκαια: «Ανυπόστατα» τα περί απόκρυψης ασθενών με Covid-19,"Πώς απαντά ο αναπληρωτής διοικητής του νοσοκομείου Νίκαιας, Αναστάσιος Μύτογλου, στις καταγγελίες περί απόκρυψης νοσούντων με κορωνοϊό.",0.4215,neutral
"ΕΕ-Covid-19: Συγκεντρώθηκαν 7,4 δισεκ. ευρώ, στον «μαραθώνιο δωρητών» για την ανάπτυξη εμβολίου και θεραπείας για τον νέο κορονοϊό","Η Μαντόνα, ο Μπιλ και η Μελίντα Γκέιτς, πρίγκιπες, ένας βασιλιάς, πρόεδροι και αρχηγοί κρατών συμμετείχαν σήμερα στον παγκόσμιο διαδικτυακό μαραθώνιο ...",0.0,neutral
Vegan «θαύμα» ή ο Covid-19 έσωσε 500.000 αρνάκια,Σκέψεις και αναμνήσεις με αφορμή την ημέρα μιας διαφορετικής Κυριακής του Πάσχα.,0.21075,neutral
"Covid-19: Πάνω από 3,44 εκατ. κρούσματα έχουν καταγραφεί σε όλο τον κόσμο - Ξεπέρασαν τους 243.000 οι θάνατοι","Περισσότερα από 3,44 εκατομμύρια κρούσματα που νέου κορονοϊού έχουν καταγραφεί σε όλο τον κόσμο, ενώ 243.015 άνθρωποι έχουν χάσει τη ζωή τους,",-0.1591,neutral
100.000 ευρώ από τη Menarini στο ΕΣΥ για την αντιμετώπιση του COVID19,"Σε δωρεά χρηματικού ποσού 100.000 ευρώ, προχώρησε η Menarini Hellas για την άμεση κάλυψη αναγκών του Εθνικού Συστήματος Υγείας προκειμένου να ...",0.20095,neutral
Τι είναι τελικά ο κρίσιμος δείκτης «RO»,Ο δείκτης «RO» είναι ουσιαστικά ο ρυθμός μετάδοσης του κορωνοϊού και κρίνει σε μεγάλο βαθμό την εξέλιξη της πανδημίας - Η αναφορά του Τσιόδρα.,0.0,neutral
Covid-19: Το Λος Αντζελες ξεκινά δωρεάν τα τεστ για τον ιό στους κατοίκους,Η πόλη του Λος Αντζελες θα είναι η πρώτη στις ΗΠΑ που θα κάνει δωρεάν τα τεστ του κορονοϊού στους κατοίκους της.,0.5106,positive
"Ο COVID-19, αφορμή για φωτογραφικό flashback στην Ελλάδα της κρίσης",Η Ελληνίδα φωτογράφος Μαρία Μαυροπούλου μοιράζεται τη συλλογή που είχε δημιουργήσει την περίοδο 2014-2016 μαζί με ένα μήνυμα για την έξοδο από κάθε ...,-0.04910000000000003,neutral
COVID-19: Θετική με ήπια συμπτώματα φιλοξενούμενη σε δομή στο Κρανίδι,Οι γιατροί έκριναν πως δεν είναι απαραίτητη η μεταφορά της στο νοσοκομείο.,0.2787,neutral
"Βρετανία-Covid-19: Στους 27.510 οι νεκροί από τον νέο κορονοϊό, 739 άνθρωποι έχασαν τη ζωή τους το τελευταίο 24ωρο","Η Βρετανία κατέγραψε σήμερα 739 νέους θανάτους από τη νόσο Covid-19, ένας αριθμός αυξημένος σε σχέση με χθες, με το σύνολο των νεκρών από τον νέο ...",-0.7172000000000001,negative
Covid-19: Πάνω από 1.000 νέα κρούσματα στο Ιράν,"Τα κρούσματα του νέου κορονοϊού ξεπέρασαν και πάλι το ημερήσιο όριο των 1.000 περιστατικών στο Ιράν, σύμφωνα με τα επίσημα στοιχεία που ...",0.0,neutral
Covid-19: Το Twitter συμβάλλει στις έρευνες για τον κορονοϊό,Το Twitter θα παραχωρήσει στους επιστήμονες και στους δημιουργούς λογισμικού πρόσβαση σε πραγματικό χρόνο στη ροή δεκάδων εκατ. tweets τα οποία ...,0.0,neutral
Covid-19: Ξεπέρασαν τους 3000 οι νεκροί στην Τουρκία,Σύμφωνα με τον Τούρκο υπουργό Υγείας Φαχρετίν Κοτζά η Τουρκία βρίσκεται στην κορύφωση της επιδημίας του κορονοϊού.,-0.3243,negative
COVID-19: Έφτασαν 81 οι νεκροί στην Ελλάδα - Ηλικιωμένη και 42χρονος τα νέα θύματα,"Άλλοι δύο ασθενείς που νοσηλεύονταν σε νοσοκομεία της Ελλάδας έφυγαν από τη ζωή το πρωί της Τρίτης, με αποτέλεσμα ο συνολικός αριθμός των νεκρών από ...",-0.79815,negative
Covid-19: Ξεπέρασαν τους 5.000 τα θύματα στην Βραζιλία,"Με 5.017 θανάτους εξαιτίας του κορονοϊού, η Βραζιλία έχει προ πολλού ξεπεράσει τον αριθμό των θυμάτων που καταγράφεται επισήμως στην Κίνα.",-0.2841,neutral
"Covid-19: Δύο νέα θύματα στην Κίνα, 63 κρούσματα","Η Εθνική Επιτροπή Υγείας, ανέβασε τον αριθμό των θυμάτων σε 3.335 από την ημέρα που ξέσπασε η πανδημία, ενώ παράλληλα ανακοίνωσε και 63 νέα ...",-0.45204999999999995,negative
Covid-19: Οι Αμερικανοί χάνουν την εμπιστοσύνη τους στον Τραμπ,"Οι Αμερικανοί εμφανίζονται να χάνουν την εμπιστοσύνη τους σε όσα λέει ο πρόεδρος Ντόναλντ Τραμπ σχετικά με την πανδημία του κορονοϊού, καθώς σχεδόν ...",0.1531,neutral
CIA και MI6 συνέταξαν επιστημονικό φάκελο για την συγκάλυψη ? ...,Πηγή: Russia Today Η επιθυμία της Δύσης να επιρρίψει την ευθύνη στην Κίνα (και πιθανότατα και το λογαριασμό) για την πανδημία του Covid-19 φέρεται να έχει.,0.20095,neutral
DW: Τι αποκαλύπτουν οι νεκροψίες για τον κορωνοϊό,"Σε όλες τις σύγχρονες μολυσματικές ασθένειες, η νεκροψία είναι ένα πολύ σημαντικό μέσο για τον προσδιορισμό της πορείας της νόσου, συμπεριλαμβανομένης ...",0.1358,neutral
Covid-19: Πρώτη φορά χωρίς κρούσμα η Νότια Κορέα | ΑΘΗΝΑ984,"Για πρώτη φορά από τον Φεβρουάριο, όταν και εξαπλώθηκε ο κορ0νοϊός στη χώρα, η Νότια Κορέα ανακοίνωσε πως δεν έχει ούτε ένα νέο κρούσμα.",0.0,neutral
«Σιωπηλή υποξία»: Αυτή που σκοτώνει ύπουλα ασθενείς με Covid-19,Το μυστήριο της «σιωπηλής υποξίας» που σκοτώνει ύπουλα μερικούς ασθενείς με Covid-19 και η χρησιμότητα του οξύμετρου στο σπίτι.,-0.41915,negative
Μοριακός έλεγχος ανίχνευσης του COVID-19 και στο νοσοκομείο Μυτιλήνης,"Ο έλεγχος πραγματοποιείται «σε ειδικό χώρο του νοσοκομείου, για περιστατικά που ορίζονται ως ύποπτα κρούσματα σύμφωνα με τις οδηγίες του ΕΟΔΥ.",0.10115,neutral
Covid-19: Ξεπέρασαν τους 6.000 οι νεκροί στη Γερμανία -Αυξήθηκε ο ημερήσιος αριθμός νέων κρουσμάτων,"Άλλοι 202 ασθενείς υπέκυψαν το τελευταίο 24ωρο λόγω του νέου κορονοϊού στη Γερμανία, από 163 το προηγούμενο, με το σύνολο νεκρών στη χώρα να φτάνει ...",-0.7281500000000001,negative
Γεμάτη προκλήσεις η επόμενη μέρα για τους τυχερούς ασθενείς με Covid-19 που αποσωληνώθηκαν στις ΜΕΘ,"Είναι οι «νικητές», οι «τυχεροί», εκείνοι οι ασθενείς με σοβαρή Covid-19, που πάλεψαν διασωληνωμένοι για τη ζωή τους, με μηχανική υποστήριξη της αναπνοής ...",0.38835,neutral
ΝΕ ΣΥΡΙΖΑ ΔΥΤΙΚΗΣ ΑΘΗΝΑΣ: Για τη λειτουργία δομών δημόσιας Υγείας στη Δυτική Αθήνα / Covid-19,ΔΕΛΤΙΟ ΤΥΠΟΥ. Για τη λειτουργία δομών δημόσιας Υγείας στη Δυτική Αθήνα / Covid-19. Η ΝΕ ΣΥΡΙΖΑ Δυτικής Αθήνας έχει συστήσει το Παρατηρητήριο Δυτικής ...,0.10115,neutral
Δωρεάν σεμινάρια: COVID-19 και καρκίνος του μαστού,Σειρά δωρεάν διαδικτυακών σεμιναρίων με θέμα COVID-19 και καρκίνος μαστού διοργανώνει ο Πανελλήνιος Σύλλογος Γυναικών με Καρκίνο Μαστού «Άλμα ...,-0.51555,negative
"Άδειες καρέκλες στις πλατείες - Σήμερα η διαμαρτυρία για τα εστιατόρια, καφέ και μπαρ","Σήμερα το βράδυ, ο κλάδος εστίασης της Ελλάδας θα συμμετέχει στην πανευρωπαϊκή διαμαρτυρία «άδειες καρέκλες» ζητώντας μέτρα για το οικονομικό πλήγμα ...",-0.4967,negative
Covid-19: Σταδιακή χαλάρωση των μέτρων ανακοίνωσε η Ελβετία,"Η κυβέρνηση της Ελβετίας προχωρά στην άρση των μέτρων που είχαν επιβληθεί για την αντιμετώπιση της πανδημίας του κορονοϊού, ανοίγοντας ξανά ...",0.22474999999999998,neutral
Covid-19: Ανέβηκε ο αριθμός των κρουσμάτων στη Νότια Αφρική,"Ραγδαία αύξηση παρουσίασαν τα κρούσματα κορονοϊού στη Νότια Αφρική το τελευταίο 24ωρο. Μέσα σε μία ημέρα, τα κρούσματα παρουσίασαν αύξηση κατά ...",0.1752,neutral
Covid-19: Η Ουγγαρία προχωρά σε άρση μέτρων εκτός Βουδαπέστης,"Ο πρωθυπουργός της Ουγγαρίας, Βίκτορ Ορμπάν, ήρε ορισμένους περιορισμούς έξω από τη Βουδαπέστη, οι οποίοι επιβλήθηκαν για τον περιορισμό του ...",-0.2202,neutral
Covid-19: Ολοκληρωτική απαγόρευση κυκλοφορίας την Κυριακή του Πάσχα των Καθολικών στον Παναμά,Ο πρόεδρος του Παναμά Λαουρεντίνο Κορτίσο επέβαλε απαγόρευση οποιασδήποτε εξόδου των πολιτών από τα σπίτια τους το Σαββατοκύριακο του Πάσχα των ...,-0.0386,neutral
Η φονική πανδημία του covid-19 χτυπάει τις τουρκικές ένοπλες δυνάμεις - Το Ραμαζάνι και η επιφυλακή της Αθήνας,Κορωνοϊός και Ραμαζάνι φαίνεται να βάζουν φρένο στην Τουρκική προκλητικότητα. Παρά την εξέλιξη αυτή η Αθήνα παραμένει σε επιφυλακή για κάθε ενδεχόμενο.,0.148,neutral
Covid-19:Μεξικό: 1.569 νεκροί -16.752 κρούσματα,"Tο υπουργείο Υγείας του Μεξικού ανακοίνωσε χθες Τρίτη ότι άλλοι 135 ασθενείς υπέκυψαν στην COVID-19, την ασθένεια που προκαλεί ο νέος κορονοϊός.",-0.16519999999999999,neutral
Covid-19: Παρατείνεται η διακοπή λειτουργίας της Βουλής των Αντιπροσώπων,"Τα μέλη της Βουλής των Αντιπροσώπων δεν θα επιστρέψουν στην Ουάσιγκτον την επόμενη εβδομάδα, όπως είχε αρχικά προγραμματιστεί, καθώς ο κίνδυνος ...",-0.1366,neutral
Covid-19: Ανοίγουν ξενοδοχεία παρά την αύξηση κρουσμάτων στην Πολωνία,Τα ξενοδοχεία στην Πολωνία θα ανοίξουν για τις καλοκαιρινές διακοπές εν μέσω κορονοϊού. Αυτό ανακοίνωσε ο κυβερνητικός εκπρόσωπος Πιοτρ Μούλερ.,0.1909,neutral
"Άρθρο της Αντωνιάδου Αθηνάς: ""Ο Covid-19 έχει πολλά κρυμμένα μυστικά""","Οι πανδημίες έχουν πλήξει πολιτισμούς σε όλη τη διάρκεια της ανθρώπινης ιστορίας, με την πρώτη εστία – γνωστή και ως «ο λοιμός της Αθήνας» – να εμφανίζεται ...",-0.07655,neutral
Covid-19: Το 42% πιστεύει ότι η επιδημία στην Τουρκία θα διαρκέσει περισσότερο από έξι μήνες,"Περίπου το 74% των Τούρκων πιστεύουν ότι ο κορονοϊός είναι αυτή τη στιγμή το σημαντικότερο πρόβλημα της χώρας, σύμφωνα με νέα έρευνα της εταιρίας Ipsos.",-0.1114,neutral
Covid-19: Ρουμανία: 619 νεκροί -11.000 κρούσματα,"Οι υγειονομικές αρχές της Ρουμανίας εντόπισαν 400 νέα κρούσματα κορονοϊού μέσα σε ένα 24ωρο ως χθες Κυριακή το βράδυ, με το σύνολο των κρουσμάτων να ...",-0.3243,negative
Αντικαρκινικά φάρμακα στην μάχη κατά του COVID-19,Στα αντικαρκινικά φάρμακα έχουν στρέψει την προσοχή τους ερευνητές και φαρμοκοβιομηχανίες για τη μάχη κατά του COVID-19.,-0.3818,negative
"Covid-19: «Ο ιός δεν προήλθε από εργαστήριο», λέει ο επικεφαλής του Ινστιτούτου Ιολογίας της Ουχάν","Οι ισχυρισμοί ότι η πανδημία του κορονοϊού προήλθε από εργαστήριο στην Ουχάν είναι «κακόβουλοι» και «αβάσιμοι», δήλωσε ο διευθυντής του Ινστιτούτου ...",0.0,neutral
Covid-19:Αίρονται σταδιακά τα περιοριστικά μέτρα και στη Βουλγαρία -Υποχρεωτική η μάσκα σε δημόσιους χώρους,"Οι πολίτες στην Βουλγαρία έχουν πλέον τη δυνατότητα να κάνουν περίπατο σε πάρκα και δημόσιους κήπους, υπό ορισμένες προϋποθέσεις, μετά από εντολή του ...",0.1366,neutral
Covid-19: Ο πλανήτης βγαίνει σταδιακά από την καραντίνα - Ποιες χώρες χαλαρώνουν τα περιοριστικά μέτρα,"Πολλές χώρες, όπου η καραντίνα φαίνεται να αποδίδει και να παρατηρείται περιορισμός της εξάπλωσης του κορονοϊού, προχωρούν σταδιακά προς τη χαλάρωση ...",0.36819999999999997,neutral
Τζέφρυ Πάιατ στον Αθήνα 9.84: Άξια Συγχαρητηρίων Η Ελλάδα Για Τη Στάση Της Στην Πανδημία Covid-19,Εύσημα στην ελληνική κυβέρνηση για τους χειρισμούς της στη μάχη με τον κορονοϊό απέδωσε ο πρέσβης των ΗΠΑ στην Αθήνα.,-0.1909,neutral
Covid-19: Παράταση για άλλους τρεις μήνες στην κατάσταση εκτάκτου ανάγκης στην Αίγυπτο,Ο πρόεδρος της Αιγύπτου Άμπντελ Φατάχ Αλ Σίσι αποφάσισε να παραταθεί για άλλους τρεις μήνες από σήμερα 28η Απριλίου η κατάσταση έκτακτης ανάγκης.,-0.30405,negative
Covid-19: 7 νέα κρούσματα στην Κύπρο -Ανοίγει ο δρόμος για την χαλάρωση των μέτρων,"Τα νέα επιβεβαιωμένα κρούσματα κορονοϊού στην Κύπρο ανήλθαν την Κυριακή στα 7 από σύνολο 2.415 εργαστηριακών ελέγχων, όπως ανακοίνωσαν οι αρχές.",0.26335,neutral
